{"cameraMode":{"drawMode":0,"name":"Shaded","section":"Shading Mode"},"sceneLighting":true,"audioPlay":false,"sceneViewState":{"m_AlwaysRefresh":false,"showFog":true,"showSkybox":true,"showFlares":true,"showImageEffects":true,"showParticleSystems":true,"showVisualEffectGraphs":true,"m_FxEnabled":true},"in2DMode":false,"pivot":{"x":-30.608909606933595,"y":-13.494331359863282,"z":-52.69264221191406},"rotation":{"x":0.028019342571496965,"y":-0.8692757487297058,"z":0.0496024452149868,"w":0.4910353124141693},"size":60.956661224365237,"orthographic":true}